{
    "$schema": "https://schema.management.azure.com/schemas/2015-01-01/deploymentParameters.json#",
    "contentVersion": "1.0.0.0",
    "parameters": {
        "accounts_iotdla65c3fba8_defaultDataLakeStoreAccount": {
            "value": null
        },
        "accounts_iotdla65c3fba8_dataLakeStoreAccounts": {
            "value": null
        },
        "sites_iot_func_65C3FBA8_name": {
            "value": null
        },
        "serverfarms_EastAsiaPlan_name": {
            "value": null
        },
        "IotHubs_iot_hub_65C3FBA8_name": {
            "value": null
        },
        "storageAccounts_iotrgstorage_name": {
            "value": null
        },
        "accounts_iotdls65c3fba8_name": {
            "value": null
        },
        "accounts_iotdla65c3fba8_name": {
            "value": null
        },
        "streamingjobs_iot_asa_65C3FBA8_name": {
            "value": null
        }
    }
}