{
    "$schema": "https://schema.management.azure.com/schemas/2015-01-01/deploymentTemplate.json#",
    "contentVersion": "1.0.0.0",
    "parameters": {
        "accounts_iotdla65c3fba8_defaultDataLakeStoreAccount": {
            "defaultValue": null,
            "type": "SecureString"
        },
        "accounts_iotdla65c3fba8_dataLakeStoreAccounts": {
            "defaultValue": null,
            "type": "Array"
        },
        "sites_iot_func_65C3FBA8_name": {
            "defaultValue": "iot-func-65C3FBA8",
            "type": "String"
        },
        "serverfarms_EastAsiaPlan_name": {
            "defaultValue": "EastAsiaPlan",
            "type": "String"
        },
        "IotHubs_iot_hub_65C3FBA8_name": {
            "defaultValue": "iot-hub-65C3FBA8",
            "type": "String"
        },
        "storageAccounts_iotrgstorage_name": {
            "defaultValue": "iotrgstorage",
            "type": "String"
        },
        "accounts_iotdls65c3fba8_name": {
            "defaultValue": "iotdls65c3fba8",
            "type": "String"
        },
        "accounts_iotdla65c3fba8_name": {
            "defaultValue": "iotdla65c3fba8",
            "type": "String"
        },
        "streamingjobs_iot_asa_65C3FBA8_name": {
            "defaultValue": "iot-asa-65C3FBA8",
            "type": "String"
        }
    },
    "variables": {},
    "resources": [
        {
            "type": "Microsoft.DataLakeAnalytics/accounts",
            "apiVersion": "2016-11-01",
            "name": "[parameters('accounts_iotdla65c3fba8_name')]",
            "location": "eastus2",
            "properties": {
                "defaultDataLakeStoreAccount": "[parameters('accounts_iotdla65c3fba8_defaultDataLakeStoreAccount')]",
                "dataLakeStoreAccounts": "[parameters('accounts_iotdla65c3fba8_dataLakeStoreAccounts')]"
            }
        },
        {
            "type": "Microsoft.DataLakeStore/accounts",
            "apiVersion": "2016-11-01",
            "name": "[parameters('accounts_iotdls65c3fba8_name')]",
            "location": "eastus2",
            "properties": {}
        },
        {
            "type": "Microsoft.Devices/IotHubs",
            "apiVersion": "2018-04-01",
            "name": "[parameters('IotHubs_iot_hub_65C3FBA8_name')]",
            "location": "eastasia",
            "sku": {
                "name": "S1",
                "tier": "Standard",
                "capacity": 1
            },
            "properties": {
                "operationsMonitoringProperties": {
                    "events": {
                        "None": "None",
                        "Connections": "None",
                        "DeviceTelemetry": "None",
                        "C2DCommands": "None",
                        "DeviceIdentityOperations": "None",
                        "FileUploadOperations": "None",
                        "Routes": "None"
                    }
                },
                "ipFilterRules": [],
                "eventHubEndpoints": {
                    "events": {
                        "retentionTimeInDays": 1,
                        "partitionCount": 4,
                        "partitionIds": [
                            "0",
                            "1",
                            "2",
                            "3"
                        ],
                        "path": "iot-hub-65c3fba8",
                        "endpoint": "sb://iothub-ns-iot-hub-65-1484719-0869bb8ae5.servicebus.windows.net/"
                    },
                    "operationsMonitoringEvents": {
                        "retentionTimeInDays": 1,
                        "partitionCount": 4,
                        "partitionIds": [
                            "0",
                            "1",
                            "2",
                            "3"
                        ],
                        "path": "iot-hub-65c3fba8-operationmonitoring",
                        "endpoint": "sb://iothub-ns-iot-hub-65-1484719-0869bb8ae5.servicebus.windows.net/"
                    }
                },
                "routing": {
                    "endpoints": {
                        "serviceBusQueues": [],
                        "serviceBusTopics": [],
                        "eventHubs": [],
                        "storageContainers": []
                    },
                    "routes": [],
                    "fallbackRoute": {
                        "name": "$fallback",
                        "source": "DeviceMessages",
                        "condition": "true",
                        "endpointNames": [
                            "events"
                        ],
                        "isEnabled": true
                    }
                },
                "storageEndpoints": {
                    "$default": {
                        "sasTtlAsIso8601": "PT1H",
                        "connectionString": "",
                        "containerName": ""
                    }
                },
                "messagingEndpoints": {
                    "fileNotifications": {
                        "lockDurationAsIso8601": "PT1M",
                        "ttlAsIso8601": "PT1H",
                        "maxDeliveryCount": 10
                    }
                },
                "enableFileUploadNotifications": false,
                "cloudToDevice": {
                    "maxDeliveryCount": 10,
                    "defaultTtlAsIso8601": "PT1H",
                    "feedback": {
                        "lockDurationAsIso8601": "PT1M",
                        "ttlAsIso8601": "PT1H",
                        "maxDeliveryCount": 10
                    }
                },
                "features": "None"
            }
        },
        {
            "type": "Microsoft.Storage/storageAccounts",
            "apiVersion": "2018-07-01",
            "name": "[parameters('storageAccounts_iotrgstorage_name')]",
            "location": "eastasia",
            "sku": {
                "name": "Standard_LRS",
                "tier": "Standard"
            },
            "kind": "StorageV2",
            "properties": {
                "networkAcls": {
                    "bypass": "AzureServices",
                    "virtualNetworkRules": [],
                    "ipRules": [],
                    "defaultAction": "Allow"
                },
                "supportsHttpsTrafficOnly": true,
                "encryption": {
                    "services": {
                        "file": {
                            "enabled": true
                        },
                        "blob": {
                            "enabled": true
                        }
                    },
                    "keySource": "Microsoft.Storage"
                },
                "accessTier": "Cool"
            }
        },
        {
            "type": "Microsoft.StreamAnalytics/streamingjobs",
            "apiVersion": "2016-03-01",
            "name": "[parameters('streamingjobs_iot_asa_65C3FBA8_name')]",
            "location": "East Asia",
            "properties": {
                "sku": {
                    "name": "Standard"
                },
                "outputStartMode": "CustomTime",
                "outputStartTime": "2019-04-06T12:00:00Z",
                "eventsOutOfOrderPolicy": "Adjust",
                "outputErrorPolicy": "Stop",
                "eventsOutOfOrderMaxDelayInSeconds": 0,
                "eventsLateArrivalMaxDelayInSeconds": 5,
                "dataLocale": "en-US",
                "compatibilityLevel": "1.0"
            }
        },
        {
            "type": "Microsoft.Web/serverfarms",
            "apiVersion": "2016-09-01",
            "name": "[parameters('serverfarms_EastAsiaPlan_name')]",
            "location": "East Asia",
            "sku": {
                "name": "Y1",
                "tier": "Dynamic",
                "size": "Y1",
                "family": "Y",
                "capacity": 0
            },
            "kind": "functionapp",
            "properties": {
                "name": "[parameters('serverfarms_EastAsiaPlan_name')]",
                "perSiteScaling": false,
                "reserved": false,
                "targetWorkerCount": 0,
                "targetWorkerSizeId": 0
            }
        },
        {
            "type": "Microsoft.DataLakeAnalytics/accounts/dataLakeStoreAccounts",
            "apiVersion": "2016-11-01",
            "name": "[concat(parameters('accounts_iotdla65c3fba8_name'), '/iotdls65c3fba8')]",
            "dependsOn": [
                "[resourceId('Microsoft.DataLakeAnalytics/accounts', parameters('accounts_iotdla65c3fba8_name'))]"
            ],
            "properties": {}
        },
        {
            "type": "Microsoft.StreamAnalytics/streamingjobs/inputs",
            "apiVersion": "2016-03-01",
            "name": "[concat(parameters('streamingjobs_iot_asa_65C3FBA8_name'), '/iothubwind')]",
            "dependsOn": [
                "[resourceId('Microsoft.StreamAnalytics/streamingjobs', parameters('streamingjobs_iot_asa_65C3FBA8_name'))]"
            ],
            "properties": {
                "type": "Stream",
                "datasource": {
                    "type": "Microsoft.Devices/IotHubs",
                    "properties": {
                        "iotHubNamespace": "iot-hub-65C3FBA8",
                        "sharedAccessPolicyName": "iothubowner",
                        "endpoint": "messages/events",
                        "consumerGroupName": "$Default"
                    }
                },
                "compression": {
                    "type": "None"
                },
                "serialization": {
                    "type": "Json",
                    "properties": {
                        "encoding": "UTF8"
                    }
                },
                "etag": "dd57e8a3-a53f-494b-b94f-84f7b120db88"
            }
        },
        {
            "type": "Microsoft.StreamAnalytics/streamingjobs/outputs",
            "apiVersion": "2016-03-01",
            "name": "[concat(parameters('streamingjobs_iot_asa_65C3FBA8_name'), '/iotdls')]",
            "dependsOn": [
                "[resourceId('Microsoft.StreamAnalytics/streamingjobs', parameters('streamingjobs_iot_asa_65C3FBA8_name'))]"
            ],
            "properties": {
                "datasource": {
                    "type": "Microsoft.DataLake/Accounts",
                    "properties": {
                        "filePathPrefix": "iot//logs/{date}",
                        "accountName": "iotdls65c3fba8",
                        "tenantId": "2d21cf49-4e09-47e6-aebe-09d728de0850",
                        "dateFormat": "yyyy/MM/dd",
                        "timeFormat": "HH",
                        "authenticationMode": "UserToken",
                        "refreshToken": null,
                        "accessToken": null,
                        "tokenUserPrincipalName": "zwgsmz@hotmail.com",
                        "tokenUserDisplayName": "ec4cbbe1-8764-4eaf-b239-83394cde5232 64678e73-584c-4d49-9c62-f6c1fcf711f6"
                    }
                },
                "serialization": {
                    "type": "Json",
                    "properties": {
                        "encoding": "UTF8",
                        "format": "LineSeparated"
                    }
                }
            }
        },
        {
            "type": "Microsoft.Web/sites",
            "apiVersion": "2016-08-01",
            "name": "[parameters('sites_iot_func_65C3FBA8_name')]",
            "location": "East Asia",
            "dependsOn": [
                "[resourceId('Microsoft.Web/serverfarms', parameters('serverfarms_EastAsiaPlan_name'))]"
            ],
            "kind": "functionapp",
            "properties": {
                "enabled": true,
                "hostNameSslStates": [
                    {
                        "name": "iot-func-65c3fba8.azurewebsites.net",
                        "sslState": "Disabled",
                        "hostType": "Standard"
                    },
                    {
                        "name": "iot-func-65c3fba8.scm.azurewebsites.net",
                        "sslState": "Disabled",
                        "hostType": "Repository"
                    }
                ],
                "serverFarmId": "[resourceId('Microsoft.Web/serverfarms', parameters('serverfarms_EastAsiaPlan_name'))]",
                "reserved": false,
                "scmSiteAlsoStopped": false,
                "clientAffinityEnabled": false,
                "clientCertEnabled": false,
                "hostNamesDisabled": false,
                "containerSize": 1536,
                "dailyMemoryTimeQuota": 0,
                "httpsOnly": false
            }
        },
        {
            "type": "Microsoft.Web/sites/config",
            "apiVersion": "2016-08-01",
            "name": "[concat(parameters('sites_iot_func_65C3FBA8_name'), '/web')]",
            "location": "East Asia",
            "dependsOn": [
                "[resourceId('Microsoft.Web/sites', parameters('sites_iot_func_65C3FBA8_name'))]"
            ],
            "properties": {
                "numberOfWorkers": 1,
                "defaultDocuments": [
                    "Default.htm",
                    "Default.html",
                    "Default.asp",
                    "index.htm",
                    "index.html",
                    "iisstart.htm",
                    "default.aspx",
                    "index.php"
                ],
                "netFrameworkVersion": "v4.0",
                "phpVersion": "5.6",
                "pythonVersion": "",
                "nodeVersion": "",
                "linuxFxVersion": "",
                "requestTracingEnabled": false,
                "remoteDebuggingEnabled": false,
                "httpLoggingEnabled": false,
                "logsDirectorySizeLimit": 35,
                "detailedErrorLoggingEnabled": false,
                "publishingUsername": "$iot-func-65C3FBA8",
                "scmType": "None",
                "use32BitWorkerProcess": true,
                "webSocketsEnabled": false,
                "alwaysOn": false,
                "appCommandLine": "",
                "managedPipelineMode": "Integrated",
                "virtualApplications": [
                    {
                        "virtualPath": "/",
                        "physicalPath": "site\\wwwroot",
                        "preloadEnabled": false,
                        "virtualDirectories": null
                    }
                ],
                "winAuthAdminState": 0,
                "winAuthTenantState": 0,
                "customAppPoolIdentityAdminState": false,
                "customAppPoolIdentityTenantState": false,
                "loadBalancing": "LeastRequests",
                "routingRules": [],
                "experiments": {
                    "rampUpRules": []
                },
                "autoHealEnabled": false,
                "vnetName": "",
                "siteAuthEnabled": false,
                "siteAuthSettings": {
                    "enabled": null,
                    "unauthenticatedClientAction": null,
                    "tokenStoreEnabled": null,
                    "allowedExternalRedirectUrls": null,
                    "defaultProvider": null,
                    "clientId": null,
                    "clientSecret": null,
                    "clientSecretCertificateThumbprint": null,
                    "issuer": null,
                    "allowedAudiences": null,
                    "additionalLoginParams": null,
                    "isAadAutoProvisioned": false,
                    "googleClientId": null,
                    "googleClientSecret": null,
                    "googleOAuthScopes": null,
                    "facebookAppId": null,
                    "facebookAppSecret": null,
                    "facebookOAuthScopes": null,
                    "twitterConsumerKey": null,
                    "twitterConsumerSecret": null,
                    "microsoftAccountClientId": null,
                    "microsoftAccountClientSecret": null,
                    "microsoftAccountOAuthScopes": null
                },
                "cors": {
                    "allowedOrigins": [
                        "https://functions.azure.com",
                        "https://functions-staging.azure.com",
                        "https://functions-next.azure.com"
                    ],
                    "supportCredentials": false
                },
                "localMySqlEnabled": false,
                "http20Enabled": false,
                "minTlsVersion": "1.2",
                "ftpsState": "AllAllowed",
                "reservedInstanceCount": 0
            }
        },
        {
            "type": "Microsoft.Web/sites/hostNameBindings",
            "apiVersion": "2016-08-01",
            "name": "[concat(parameters('sites_iot_func_65C3FBA8_name'), '/', parameters('sites_iot_func_65C3FBA8_name'), '.azurewebsites.net')]",
            "location": "East Asia",
            "dependsOn": [
                "[resourceId('Microsoft.Web/sites', parameters('sites_iot_func_65C3FBA8_name'))]"
            ],
            "properties": {
                "siteName": "iot-func-65C3FBA8",
                "hostNameType": "Verified"
            }
        }
    ]
}