{
    "$schema": "https://schema.management.azure.com/schemas/2015-01-01/deploymentTemplate.json#",
    "contentVersion": "1.0.0.0",
    "parameters": {
        "sites_iot_func_65C3FBA8_name": {
            "defaultValue": "iot-func-65C3FBA8",
            "type": "String"
        },
        "serverfarms_EastAsiaPlan_name": {
            "defaultValue": "EastAsiaPlan",
            "type": "String"
        },
        "IotHubs_iot_hub_65C3FBA8_name": {
            "defaultValue": "iot-hub-65C3FBA8",
            "type": "String"
        },
        "storageAccounts_iotrgstorage_name": {
            "defaultValue": "iotrgstorage",
            "type": "String"
        },
        "streamingjobs_iot_asa_65C3FBA8_name": {
            "defaultValue": "iot-asa-65C3FBA8",
            "type": "String"
        },
        "databaseAccounts_iot_cosmos_65c3fba8_name": {
            "defaultValue": "iot-cosmos-65c3fba8",
            "type": "String"
        },
        "environments_iot_tsi_65C3FBA8_name": {
            "defaultValue": "iot-tsi-65C3FBA8",
            "type": "String"
        }
    },
    "variables": {},
    "resources": [
        {
            "type": "Microsoft.Devices/IotHubs",
            "apiVersion": "2018-04-01",
            "name": "[parameters('IotHubs_iot_hub_65C3FBA8_name')]",
            "location": "eastasia",
            "sku": {
                "name": "S1",
                "tier": "Standard",
                "capacity": 1
            },
            "properties": {
                "operationsMonitoringProperties": {
                    "events": {
                        "None": "None",
                        "Connections": "None",
                        "DeviceTelemetry": "None",
                        "C2DCommands": "None",
                        "DeviceIdentityOperations": "None",
                        "FileUploadOperations": "None",
                        "Routes": "None"
                    }
                },
                "ipFilterRules": [],
                "eventHubEndpoints": {
                    "events": {
                        "retentionTimeInDays": 1,
                        "partitionCount": 4,
                        "partitionIds": [
                            "0",
                            "1",
                            "2",
                            "3"
                        ],
                        "path": "iot-hub-65c3fba8",
                        "endpoint": "sb://iothub-ns-iot-hub-65-1484719-0869bb8ae5.servicebus.windows.net/"
                    },
                    "operationsMonitoringEvents": {
                        "retentionTimeInDays": 1,
                        "partitionCount": 4,
                        "partitionIds": [
                            "0",
                            "1",
                            "2",
                            "3"
                        ],
                        "path": "iot-hub-65c3fba8-operationmonitoring",
                        "endpoint": "sb://iothub-ns-iot-hub-65-1484719-0869bb8ae5.servicebus.windows.net/"
                    }
                },
                "routing": {
                    "endpoints": {
                        "serviceBusQueues": [],
                        "serviceBusTopics": [],
                        "eventHubs": [],
                        "storageContainers": []
                    },
                    "routes": [],
                    "fallbackRoute": {
                        "name": "$fallback",
                        "source": "DeviceMessages",
                        "condition": "true",
                        "endpointNames": [
                            "events"
                        ],
                        "isEnabled": true
                    }
                },
                "storageEndpoints": {
                    "$default": {
                        "sasTtlAsIso8601": "PT1H",
                        "connectionString": "",
                        "containerName": ""
                    }
                },
                "messagingEndpoints": {
                    "fileNotifications": {
                        "lockDurationAsIso8601": "PT1M",
                        "ttlAsIso8601": "PT1H",
                        "maxDeliveryCount": 10
                    }
                },
                "enableFileUploadNotifications": false,
                "cloudToDevice": {
                    "maxDeliveryCount": 10,
                    "defaultTtlAsIso8601": "PT1H",
                    "feedback": {
                        "lockDurationAsIso8601": "PT1M",
                        "ttlAsIso8601": "PT1H",
                        "maxDeliveryCount": 10
                    }
                },
                "features": "None"
            }
        },
        {
            "type": "Microsoft.DocumentDB/databaseAccounts",
            "apiVersion": "2015-04-08",
            "name": "[parameters('databaseAccounts_iot_cosmos_65c3fba8_name')]",
            "location": "East Asia",
            "tags": {
                "defaultExperience": "Core (SQL)"
            },
            "kind": "GlobalDocumentDB",
            "properties": {
                "ipRangeFilter": "",
                "enableAutomaticFailover": false,
                "enableMultipleWriteLocations": false,
                "isVirtualNetworkFilterEnabled": false,
                "virtualNetworkRules": [],
                "databaseAccountOfferType": "Standard",
                "consistencyPolicy": {
                    "defaultConsistencyLevel": "Session",
                    "maxIntervalInSeconds": 5,
                    "maxStalenessPrefix": 100
                },
                "locations": [
                    {
                        "locationName": "East Asia",
                        "provisioningState": "Succeeded",
                        "failoverPriority": 0
                    },
                    {
                        "locationName": "Southeast Asia",
                        "provisioningState": "Succeeded",
                        "failoverPriority": 1
                    }
                ],
                "capabilities": []
            }
        },
        {
            "type": "Microsoft.Storage/storageAccounts",
            "apiVersion": "2018-07-01",
            "name": "[parameters('storageAccounts_iotrgstorage_name')]",
            "location": "eastasia",
            "sku": {
                "name": "Standard_LRS",
                "tier": "Standard"
            },
            "kind": "StorageV2",
            "properties": {
                "networkAcls": {
                    "bypass": "AzureServices",
                    "virtualNetworkRules": [],
                    "ipRules": [],
                    "defaultAction": "Allow"
                },
                "supportsHttpsTrafficOnly": true,
                "encryption": {
                    "services": {
                        "file": {
                            "enabled": true
                        },
                        "blob": {
                            "enabled": true
                        }
                    },
                    "keySource": "Microsoft.Storage"
                },
                "accessTier": "Cool"
            }
        },
        {
            "type": "Microsoft.StreamAnalytics/streamingjobs",
            "apiVersion": "2016-03-01",
            "name": "[parameters('streamingjobs_iot_asa_65C3FBA8_name')]",
            "location": "East Asia",
            "properties": {
                "sku": {
                    "name": "Standard"
                },
                "outputStartMode": "CustomTime",
                "outputStartTime": "2019-04-07T04:13:00Z",
                "eventsOutOfOrderPolicy": "Adjust",
                "outputErrorPolicy": "Stop",
                "eventsOutOfOrderMaxDelayInSeconds": 0,
                "eventsLateArrivalMaxDelayInSeconds": 5,
                "dataLocale": "en-US",
                "compatibilityLevel": "1.0"
            }
        },
        {
            "type": "Microsoft.TimeSeriesInsights/environments",
            "apiVersion": "2017-11-15",
            "name": "[parameters('environments_iot_tsi_65C3FBA8_name')]",
            "location": "eastus",
            "sku": {
                "name": "S1",
                "capacity": 1
            },
            "kind": "Standard",
            "properties": {
                "dataRetentionTime": "P30D",
                "storageLimitExceededBehavior": "PurgeOldData"
            }
        },
        {
            "type": "Microsoft.Web/serverfarms",
            "apiVersion": "2016-09-01",
            "name": "[parameters('serverfarms_EastAsiaPlan_name')]",
            "location": "East Asia",
            "sku": {
                "name": "Y1",
                "tier": "Dynamic",
                "size": "Y1",
                "family": "Y",
                "capacity": 0
            },
            "kind": "functionapp",
            "properties": {
                "name": "[parameters('serverfarms_EastAsiaPlan_name')]",
                "perSiteScaling": false,
                "reserved": false,
                "targetWorkerCount": 0,
                "targetWorkerSizeId": 0
            }
        },
        {
            "type": "Microsoft.StreamAnalytics/streamingjobs/inputs",
            "apiVersion": "2016-03-01",
            "name": "[concat(parameters('streamingjobs_iot_asa_65C3FBA8_name'), '/iothub')]",
            "dependsOn": [
                "[resourceId('Microsoft.StreamAnalytics/streamingjobs', parameters('streamingjobs_iot_asa_65C3FBA8_name'))]"
            ],
            "properties": {
                "type": "Stream",
                "datasource": {
                    "type": "Microsoft.Devices/IotHubs",
                    "properties": {
                        "iotHubNamespace": "iot-hub-65C3FBA8",
                        "sharedAccessPolicyName": "iothubowner",
                        "endpoint": "messages/events",
                        "consumerGroupName": "windfarm"
                    }
                },
                "compression": {
                    "type": "None"
                },
                "serialization": {
                    "type": "Json",
                    "properties": {
                        "encoding": "UTF8"
                    }
                },
                "etag": "bec23a9e-e4a7-4d9c-926e-ac2b4ba2f37d"
            }
        },
        {
            "type": "Microsoft.StreamAnalytics/streamingjobs/outputs",
            "apiVersion": "2016-03-01",
            "name": "[concat(parameters('streamingjobs_iot_asa_65C3FBA8_name'), '/cosmosdb')]",
            "dependsOn": [
                "[resourceId('Microsoft.StreamAnalytics/streamingjobs', parameters('streamingjobs_iot_asa_65C3FBA8_name'))]"
            ],
            "properties": {
                "datasource": {
                    "type": "Microsoft.Storage/DocumentDB",
                    "properties": {
                        "accountId": "iot-cosmos-65c3fba8",
                        "accountKey": null,
                        "database": "windfarmdb",
                        "collectionNamePattern": "windfarmcollection"
                    }
                }
            }
        },
        {
            "type": "Microsoft.TimeSeriesInsights/environments/accesspolicies",
            "apiVersion": "2017-11-15",
            "name": "[concat(parameters('environments_iot_tsi_65C3FBA8_name'), '/ownerAccessPolicy')]",
            "dependsOn": [
                "[resourceId('Microsoft.TimeSeriesInsights/environments', parameters('environments_iot_tsi_65C3FBA8_name'))]"
            ],
            "properties": {
                "principalObjectId": "161fe13a-80a4-471b-93b1-61863002788b",
                "roles": [
                    "Reader",
                    "Contributor"
                ]
            }
        },
        {
            "type": "Microsoft.Web/sites",
            "apiVersion": "2016-08-01",
            "name": "[parameters('sites_iot_func_65C3FBA8_name')]",
            "location": "East Asia",
            "dependsOn": [
                "[resourceId('Microsoft.Web/serverfarms', parameters('serverfarms_EastAsiaPlan_name'))]"
            ],
            "kind": "functionapp",
            "properties": {
                "enabled": true,
                "hostNameSslStates": [
                    {
                        "name": "iot-func-65c3fba8.azurewebsites.net",
                        "sslState": "Disabled",
                        "hostType": "Standard"
                    },
                    {
                        "name": "iot-func-65c3fba8.scm.azurewebsites.net",
                        "sslState": "Disabled",
                        "hostType": "Repository"
                    }
                ],
                "serverFarmId": "[resourceId('Microsoft.Web/serverfarms', parameters('serverfarms_EastAsiaPlan_name'))]",
                "reserved": false,
                "scmSiteAlsoStopped": false,
                "clientAffinityEnabled": false,
                "clientCertEnabled": false,
                "hostNamesDisabled": false,
                "containerSize": 1536,
                "dailyMemoryTimeQuota": 0,
                "httpsOnly": false
            }
        },
        {
            "type": "Microsoft.Web/sites/config",
            "apiVersion": "2016-08-01",
            "name": "[concat(parameters('sites_iot_func_65C3FBA8_name'), '/web')]",
            "location": "East Asia",
            "dependsOn": [
                "[resourceId('Microsoft.Web/sites', parameters('sites_iot_func_65C3FBA8_name'))]"
            ],
            "properties": {
                "numberOfWorkers": 1,
                "defaultDocuments": [
                    "Default.htm",
                    "Default.html",
                    "Default.asp",
                    "index.htm",
                    "index.html",
                    "iisstart.htm",
                    "default.aspx",
                    "index.php"
                ],
                "netFrameworkVersion": "v4.0",
                "phpVersion": "5.6",
                "pythonVersion": "",
                "nodeVersion": "",
                "linuxFxVersion": "",
                "requestTracingEnabled": false,
                "remoteDebuggingEnabled": false,
                "httpLoggingEnabled": false,
                "logsDirectorySizeLimit": 35,
                "detailedErrorLoggingEnabled": false,
                "publishingUsername": "$iot-func-65C3FBA8",
                "scmType": "None",
                "use32BitWorkerProcess": true,
                "webSocketsEnabled": false,
                "alwaysOn": false,
                "appCommandLine": "",
                "managedPipelineMode": "Integrated",
                "virtualApplications": [
                    {
                        "virtualPath": "/",
                        "physicalPath": "site\\wwwroot",
                        "preloadEnabled": false,
                        "virtualDirectories": null
                    }
                ],
                "winAuthAdminState": 0,
                "winAuthTenantState": 0,
                "customAppPoolIdentityAdminState": false,
                "customAppPoolIdentityTenantState": false,
                "loadBalancing": "LeastRequests",
                "routingRules": [],
                "experiments": {
                    "rampUpRules": []
                },
                "autoHealEnabled": false,
                "vnetName": "",
                "siteAuthEnabled": false,
                "siteAuthSettings": {
                    "enabled": null,
                    "unauthenticatedClientAction": null,
                    "tokenStoreEnabled": null,
                    "allowedExternalRedirectUrls": null,
                    "defaultProvider": null,
                    "clientId": null,
                    "clientSecret": null,
                    "clientSecretCertificateThumbprint": null,
                    "issuer": null,
                    "allowedAudiences": null,
                    "additionalLoginParams": null,
                    "isAadAutoProvisioned": false,
                    "googleClientId": null,
                    "googleClientSecret": null,
                    "googleOAuthScopes": null,
                    "facebookAppId": null,
                    "facebookAppSecret": null,
                    "facebookOAuthScopes": null,
                    "twitterConsumerKey": null,
                    "twitterConsumerSecret": null,
                    "microsoftAccountClientId": null,
                    "microsoftAccountClientSecret": null,
                    "microsoftAccountOAuthScopes": null
                },
                "cors": {
                    "allowedOrigins": [
                        "https://functions.azure.com",
                        "https://functions-staging.azure.com",
                        "https://functions-next.azure.com"
                    ],
                    "supportCredentials": false
                },
                "localMySqlEnabled": false,
                "http20Enabled": false,
                "minTlsVersion": "1.2",
                "ftpsState": "AllAllowed",
                "reservedInstanceCount": 0
            }
        },
        {
            "type": "Microsoft.Web/sites/hostNameBindings",
            "apiVersion": "2016-08-01",
            "name": "[concat(parameters('sites_iot_func_65C3FBA8_name'), '/', parameters('sites_iot_func_65C3FBA8_name'), '.azurewebsites.net')]",
            "location": "East Asia",
            "dependsOn": [
                "[resourceId('Microsoft.Web/sites', parameters('sites_iot_func_65C3FBA8_name'))]"
            ],
            "properties": {
                "siteName": "iot-func-65C3FBA8",
                "hostNameType": "Verified"
            }
        },
        {
            "type": "Microsoft.TimeSeriesInsights/environments/eventsources",
            "apiVersion": "2017-11-15",
            "name": "[concat(parameters('environments_iot_tsi_65C3FBA8_name'), '/iothubevent')]",
            "location": "eastus",
            "dependsOn": [
                "[resourceId('Microsoft.TimeSeriesInsights/environments', parameters('environments_iot_tsi_65C3FBA8_name'))]",
                "[resourceId('Microsoft.Devices/IotHubs', parameters('IotHubs_iot_hub_65C3FBA8_name'))]"
            ],
            "kind": "Microsoft.IoTHub",
            "properties": {
                "eventSourceResourceId": "[resourceId('Microsoft.Devices/IotHubs', parameters('IotHubs_iot_hub_65C3FBA8_name'))]",
                "iotHubName": "iot-hub-65C3FBA8",
                "keyName": "iothubowner",
                "consumerGroupName": "$Default",
                "timestampPropertyName": "",
                "creationTime": "Sun, 07 Apr 2019 00:53:31 GMT",
                "provisioningState": "Succeeded"
            }
        }
    ]
}